,Unnamed: 0,tweet_text,text,polarity,sentimen
0,0,"Ini Beda Lagi Nih ,Yg Lagi Viral sma bandung Cindo Colmk crotÃ°ÂÂÂ¦  Bokep indo viral terbaru vcs video Indonesia Colmek skandal link jilbab mesum bahan coli bacol hijab sange Malam Minggu Malming #SANGE_AAAAAAAAAAÃ°ÂÂÂ¦ #malamjumatÃ°ÂÂÂ¦ #bocilviral2022Ã°ÂÂÂ¦ Link full video Ada di bio gw coyÃ°ÂÂÂ https://t.co/begqKDCHD2","this is different again, the one that's viral at high school bandung cindo colmk crot indo viral porn new vcs video indonesia colmek scandal link obscene hijab coli bacol hijab sange saturday night malming aaaaaaaaaa full video link is in my bio dude",0.1615909090909091,positif
1,1,KurniaÃÂ RamadhanaÃÂ dari Indonesia Corruption Watch (ICW).  Koalisi menemukan indikasi kecurangan yg dilakukan anggota KPU pusat ke anggota KPU daerah.  Koalisi Kawal Pemilu Bersih yang tergabung dari beberapa LSM mendatangi kantor LPSK dan diterima Komisionernya  EdwinÃÂ Partogi. https://t.co/pAfBjnowQV,kurnia ramadhana from indonesia corruption watch icw coalition meets indications of cheating behavior from central kpu members to regional kpu members clean milu guard coalition who joined from several NGOs came to lpsk office and received commissioner edwin partogi,0.12222222222222223,positif
3,3,BSSN: Pusat Data Pemprov Jawa Tengah Pertama di Indonesia https://t.co/MVn3JShRIB,BSSN Central Java Provincial Government's first data center in Indonesia,0.049999999999999996,positif
4,4,Prabowo Tegaskan Ingin Tingkatkan Jumlah Kapal Perang TNI AL yang Siap Tempur https://t.co/T1Wdv9dCqk,Prabowo firmly wanted to increase the number of combat-ready TNI AL warships,-0.2,negatif
5,5,"Vietnam memastikan diri jadi juara Grup B Piala AFF, mereka akan melawan Timnas Indonesia di semifinal. #kumparanBOLA https://t.co/UGAvu08MO5",Vietnam is sure to win the AFF Cup group. They will face the Indonesian national team in the semifinals,0.65,positif
12,12,Piala AFF Mitsubishi Electric 2022  Keputusan penuh  Malaysia 4 Singapura 1  Vietnam 3 Myanmar 0  Separuh Akhir  Malaysia vs Thailand Indonesia vs Vietnam https://t.co/93RQWvh2Hh,mitsubishi electric aff cup full break malaysia singapore vietnam myanmar final half malaysia vs thailand indonesia vs vietnam,0.06111111111111111,positif
13,13,Indonesia bakalan ketemu Vietnam yg belum pernah kebobolan selama babak penyisihan haha,Indonesia will meet Vietnam who haven't conceded a long round either haha,-0.016666666666666663,negatif
15,15,video bokep indo viral mesum skandal bumil indonesia link live colmek terbaru jilboob bokepviral https://t.co/ZPpKnhcGfY,video bokep indo viral perverted scandal pregnant women Indonesia link live colmek new jilboob bokepviral,0.202020202020202,positif
16,16,bokep indo viral terbaru video indonesia colmek skandal bumil link jilbab mesum bahan coli bacol hijab memek basah https://t.co/Xjhzrkneo0,"indo viral new video, Indonesian video, colmek scandal, pregnant woman link, obscene hijab, bacol hijab material, wet pussy",0.12323232323232321,positif
17,17,Aku suka gaya gambar Kesuksesan Tersayang : Istri Yang Imut Tuan Muda Yi! Bagus banget! Desain karakternya juga hebat! Pantas untuk direkomendasikan!   #Bahasaindonesia #komikon #Indonesia #bilibilicomics  https://t.co/tc0HOZgLpd https://t.co/yLSBRizdSs,"I like the drawing style, success, love, cute wife, young master yi, really good, the character design is also great, it deserves a recommendation",0.4833333333333334,positif
18,18,Indonesia v Vietnam Malaysia v Thailand Semi Final ideal mewakili 2 rumpun yang berbeda juga. Final bisa kali ulangan 2010 Indonesia v Malaysia tapi yang menang Indonesia hehe,"Indonesia, Vietnam, Malaysia, Thailand, the ideal semi-final for representatives of a different clan, also in the final, Indonesia, Malaysia, could repeat, but Indonesia won",0.3,positif
19,19,"Tempat ngedate pertama sm mantan, lagu nya terngiang di kepala, sampe kt gue kok dia bisa fasih bahasa indonesia nya, ini ada itu ada Ã°ÂÂÂ­ https://t.co/609YYs03HM","the place where I had my first date with my ex, the song kept ringing in my head until I knew how come he was fluent in Indonesian.",0.25,positif
20,20,bokep indo viral terbaru link video indonesia bumil hijab cewe tocil sange banget live streaming bacol bahan coli https://t.co/UVCnZvVpkp,new viral indo porn video link Indonesia pregnant woman hijab tocil girl really sange live streaming bacol coli material,0.2015151515151515,positif
27,27,"Malaysia mainny luar biasa cantik. Ayo Indonesia, kalian bisa !","Malaysia plays incredibly beautiful, come on, Indonesia, you can",0.85,positif
29,29,"LOWONGAN PEKERJAAN Lowongan Pekerjaan Solo Raya Januari 2023 di Ayam KeprabonÃÂ Ã¢ÂÂ Ayam Keprabon asli kota Solo yang berdiri sejak 2015, kini sudah memiliki lebih dari 60 cabang outlet di seluruh Indonesia (Solo Raya, Jabodetabek, Bandung, Surabaya, Malang,Ã¢ÂÂ¦ https://t.co/vdPf9t1Vng https://t.co/5MgLRkyqh4",vacancies for jobs vacancies for jobs solo raya january at keprabon chicken original keprabon chicken solo city which itself since now has owned more than branch outlets throughout Indonesia solo raya jabodetabek bandung surabaya malang,-0.08124999999999999,negatif
32,32,"Yakin lolos ke final enggak nih, gaes?  Timnas Indonesia akan melawan Vietnam pada babak semifinal Piala AFF 2022. Pasukan Shin Tae-yong akan bertandang ke markas Vietnam pada 9 Januari mendatang. #bigmatch #bmaff #bolasports #oneliner https://t.co/M4hYi8R4oU","Are you sure you will qualify for the final or not, guys, the Indonesian national team will face Vietnam in the semifinals of the AFF Cup, Pasu Shin Tae Yong will travel to Vietnam headquarters in January",0.25,positif
33,33,"RESMI! INDONESIA vs VIETNAM Gelora Bung Karno Stadium, Jakarta Jumat, 6 Januari 2023 16:30 WIB  Siap senam jantung warga Indonesia?  Ã°ÂÂÂ¸ : @affmecup https://t.co/AEZY5fM8rV",official Indonesia vs Vietnam surge Bung Karno stadium Jakarta Friday January Wib ready heart exercise Indonesian citizens,0.2,positif
36,36,"Berita Bola Terkini Nova88 Indonesia Klik https://t.co/VsbRjz8w7o : Arsenal Vs Newcastle, The Gunners Harus Realistis soal Kans Juara https://t.co/FhP9msCovr https://t.co/AF0LYrn7HM",football news now nova Indonesia click arsenal vs newcastle gunners must be realistic about the chance to win,0.48333333333333334,positif
37,37,"INDONESIA, Ã°ÂÂÂ»Ã°ÂÂÂ³ VIETNAM DATANG! Ã°ÂÂÂ  Kemenangan 3-0 Vietnam atas Myanmar di partai terakhir Grup B, memastikan Nguyen Van Quyet cs akan jumpa Timnas Garuda di babak semi-final Piala AFF 2022 Ã°ÂÂÂ  #YANMAR #FootballIsOurEngine #AFFMitsubishiElectricCup2022 https://t.co/3zYlxqNRqx",indonesia vietnam came to win vietnam over myanmar in the final group party for sure nguyen van quyet cs will meet garuda national team in the semi final round of aff cup,0.22000000000000003,positif
40,40,"Tik! Hi, mau tanya, dong? Kalo nulis novel versi English tuh yg harus diperhatikan tuh apa yaa? Kalo kaya novel Indonesia kan, KBBI dan EYD yaa, nah kalo English? Grammar aja kah? MakasihÃ¢ÂÂºÃ¯Â¸Â","tik hi, I want to ask if you are writing an English version of the novel, what should you pay attention to, if it's like Indonesian novels, right, kbbi and eyd, if it's just grammar, thank you",0.14285714285714285,positif
41,41,"Sedang Tunggu Teman yang Lagi Indehoy, Seorang Pria di Bekasi Tewas Dikeroyok Lima Orang Pelaku https://t.co/YUBgyzYHMd",I'm waiting for a friend who is having fun with the man who was killed by five people being beaten up,0.04999999999999999,positif
44,44,#news #berita #fakta #indonesia #viral #beritaterkini Fakta fakta unik di dunia dan alam semesta https://t.co/5sdlMtQbSQ,unique facts in the world and the universe,0.375,positif
45,45,Viral skandal video Tante vs Dua bocil sekaligus Ã°ÂÂÂ±  Link full video di bio/komentar  Pelajar Bokep indo viral terbaru vcs video Indonesia Colmek skandal bumil link jilbab mesum bahan coli bacol hijab memek basah Tante sange selebgram tiktok trending #SANGE_AAAAAAAAAA #sangeberat https://t.co/vaoSp2G6Sz,viral video scandal aunty vs two boys at the same time full video link in bio commentary teaching indo viral new video vcs indonesia colmek scandal pregnant woman link obscenity hijab material coli bacol hijab wet pussy aunty sange selebgram tiktok trending aaaaaaaaaa,0.14393939393939392,positif
48,48,"Ã°ÂÂÂ¢Open joki tugasÃ°ÂÂÂ¢ Tugas makalah, essay, paper, ppt, mind map, poster dll.  Matkul/mapel: Ã°ÂÂÂHubungan Internasional Ã°ÂÂÂSejarah Ã°ÂÂÂSosiologi  Ã°ÂÂÂKewarganegaraan Ã°ÂÂÂBahasa Indonesia Ã°ÂÂÂBahasa Inggris Akan dikerjakan spt tugas sendiri dan anti plagiarism. Ã°ÂÂÂÃ¢ÂÂÃ¢ÂÂÃ¯Â¸Â https://t.co/p0kcZwG0xs",open joki assignments essay paper ppt mind map poster etc subject international relations subject history sociology citizenship Indonesian language English will work as own assignment and anti plagiarism,0.044444444444444446,positif
51,51,Malaysia serem!! Pemain naturalisasinya beres semua. Klo indonesia? Yah gitu lah,"Malaysia brakes playing naturalization all right, if it's Indonesia, that's how it is",0.2857142857142857,positif
52,52,Salam Indonesia Raya Gerindra Menang Prabowo Amin ya Allah ya rabbal alamin https://t.co/mj6hX24MzN,"Greetings, Indonesia, Raya Gerindra, Win Prabowo, Amen, O Allah, O Lord of the Worlds",0.8,positif
53,53,"PMI Manufaktur Indonesia Naik Jadi 50,9 pada Desember 2022 https://t.co/FEcAChvgqY",indonesian manufacturing pmi rose to december,0.6,positif
56,56,Finishing nya Timnas Malaysia mengerikan &amp; jauh lebih baik daripada Timnas Indonesia. Main simpel nggak banyak kelok kelok nggak berguna  #AFFMitsubishiElectricCup2022 https://t.co/B5XYX0Oio9,"the finishing of the Malaysian national team Keri &amp; much better than the Indonesian national team, playing simple, not many useless twists and turns",-0.0625,negatif
58,58,"Ã°ÂÂÂ¢Open joki tugasÃ°ÂÂÂ¢ Tugas makalah, essay, paper, ppt, mind map, poster dll.  Matkul/mapel: Ã°ÂÂÂHubungan Internasional Ã°ÂÂÂSejarah Ã°ÂÂÂSosiologi  Ã°ÂÂÂKewarganegaraan Ã°ÂÂÂBahasa Indonesia Ã°ÂÂÂBahasa Inggris Akan dikerjakan spt tugas sendiri dan anti plagiarism. . Ã°ÂÂÂÃ¢ÂÂÃ¢ÂÂÃ¯Â¸Â https://t.co/p0kcZwG0xs",open joki assignments essay paper ppt mind map poster etc subject international relations subject history sociology citizenship Indonesian language English will work as own assignment and anti plagiarism,0.044444444444444446,positif
59,59,Viral video 2023 cewe-cewe lagi  Pamer gunung Ã°ÂÂÂ±  Link full video di bio/komentar  Pelajar Bokep indo viral terbaru vcs video Indonesia Colmek skandal bumil link jilbab mesum bahan coli bacol hijab memek basah Tante sange selebgram tiktok trending #SANGE_AAAAAAAAAA #sangeberat https://t.co/3A17vGy4sY,viral video girl girl showing off mountains full video link in bio commentary teaching indo viral new vcs video indonesia colmek scandal pregnant woman link obscenity hijab material coli bacol hijab wet pussy aunty sange celebgram tiktok trending aaaaaaaaaa,0.1799242424242424,positif
61,61,"Ã°ÂÂÂ¢Open joki tugasÃ°ÂÂÂ¢ Tugas makalah, essay, paper, ppt, mind map, poster dll.  Matkul/mapel: Ã°ÂÂÂHubungan Internasional Ã°ÂÂÂSejarah Ã°ÂÂÂSosiologi  Ã°ÂÂÂKewarganegaraan Ã°ÂÂÂBahasa Indonesia Ã°ÂÂÂBahasa Inggris Akan dikerjakan spt tugas sendiri dan anti plagiarismÃ°ÂÂÂÃ¢ÂÂÃ¢ÂÂÃ¯Â¸Â https://t.co/p0kcZwG0xs",open joki assignments essay paper ppt mind map poster etc subject international relations subject history sociology citizenship Indonesian language English will work as own assignment and anti plagiarism,0.044444444444444446,positif
62,62,"Ini Beda Lagi Nih ,Yg Lagi Viral sma bandung Cindo protorotÃ°ÂÂÂ¦  Bokep indo viral terbaru vcs video Indonesia skandal link kakak mesum colmek brutal bahan coli bacol kakak sange #SANGE_AAAAAAAAAAÃ°ÂÂÂ¦ #malamjumatÃ°ÂÂÂ¦ #bocilviral2022Ã°ÂÂÂ¦ #bacol  #vidioviral  Link full video Ada di bio gw https://t.co/4IIT1nh7kc","this is different again, the one that is going viral, high school bandung, cindo protorot, indo porn, new viral, new video, Indonesia, scandal, link, dirty sister, colmek, brutal, coli, bacol, sister, sange aaaaaaaaaa, the full video link is in my bio",-0.0988961038961039,negatif
67,67,"Daftar 10 Pemain Badminton Penerima Hadiah Tertinggi di BWF Tour 2022, Ginting Nomor 1 di Indonesia   #badminton #bulutangkis #badmintonIndonesia #bulutangkisIndonesia #badmintonlovers #Ginting #BWF  https://t.co/Z5NQzjhRHc lewat @tribunkaltim",register to play badminton receive a high prize at bwf tour ginting number in Indonesia passes,0.16,positif
71,71,"Hallo semuanya, 9 hari lagi akan diadakan Pernyataan Pers Tahunan Menteri Luar Negeri 2023 #PPTM2023 loh! Dalam #PPTM2023 nanti, kalian akan mengetahui diplomasi Indonesia sepanjang tahun 2022, dan berbagai rencana diplomasi Indonesia pada tahun 2023 mendatang. (Cont) https://t.co/HblFx3JFL2","hello everyone, there will be a real press release for the foreign minister in the future, you will know about Indonesia's long-term diplomacy and how Indonesia's diplomacy plans for the coming year cont",0.025000000000000005,positif
73,73,Andai Asia berlaku peperangan. Negara mana yang mampu bertahan sehingga tamat peperangan ? 1. Malaysia 2. Indonesia  3. Thailand  4. Filipina  5. Singapura  Saja utk cakna minda malamÃÂ² ni,"If Asia had a war, which country would be able to stand it so that the war would end Malaysia Indonesia Thailand Philippines Singapore only for cakna mind tonight",0.25,positif
74,74,Jokowi Teken KUHP Baru  Kepentingan Indonesia. THE BOYZ STRAY KIDS Hogwarts Kelas 5 Nabil 6 SD Mengabdi BEBAS CEMAS Pertamax Run BTS 10 YEAR CHALLENGE RIP Legend Ken Block Bias Menjadi Selasa Guru Nabil Coldplay Jurassic The Glory MAS JEONGWOO Lucas taekook #IkatanCintaEp1007 https://t.co/lCT1mtfTcE,jokowi signed an important new law on indonesia boyz stray kids hogwarts class nabil sd abdi worry free Pertamax run bts year challenge rip legend ken block can be tuesday teacher Nabil coldplay jurassic glory mas jeongwoo lucas taekook,0.31212121212121213,positif
75,75,"Denger kabar kalau om sendiri meninggal sumpah sedih bangett, dulu waktu babah belum ke indonesia dia yg selalu nengokin sampe nyangka nya dia babah gue. Muka babah udah merah mata merah mau nangis ditahan, yalah itu kaka babah yang paling deket sama dia:)","I heard that my uncle was alone and I swear that I was really sad when I didn't go to Indonesia, he was the one who always looked at me until I thought he was my daddy, my daddy's face was already red, his eyes were red.",-0.16666666666666666,negatif
76,76,Saat nonton Malaysia v Singapore ternyata gua menyadari bahwa betul kalau orang Indonesia IQnya di bawah rata-rata dari negara asean lainnya. Alias kenapa bisa supporter Malaysia duduknya 'agak' rapih gitu di tribun ya. Iri liatnya,"when watching Malaysia Singapore for real, I realized that it's true that Indonesians have a lower IQ than other ASEAN countries, aka why can Malaysian supporters sit neatly like that in the stands?",0.1416666666666667,positif
82,82,bokep indo viral terbaru link video indonesia bumil hijab cewe tocil sange banget live streaming bacol bahan coli https://t.co/9zhuurK1l9,new viral indo porn video link Indonesia pregnant woman hijab tocil girl really sange live streaming bacol coli material,0.2015151515151515,positif
83,83,video bokep bumil indo colmek live viral jilboob indonesia ~ spoiler video cek link telegram di bio,video bokep bumil indo colmek live viral jilboob indonesia video spoiler check telegram link in bio,0.13636363636363635,positif
84,84,"Kejujuran terkadang menghalangi langkah kita, tapi tidak dengan rezeki kita. #babyboy #myboy #babyazel #blacknwhite #photos @ Makassar, Sulawesi, Indonesia https://t.co/8GIOwb2OK1","to be honest, sometimes it blocks our steps, but not with our sustenance, Makassar, Sulawesi, Indonesia",0.6,positif
85,85,video bokep indo viral mesum skandal bumil indonesia link live colmek terbaru jilboob bokepviral https://t.co/XQqj3Ccf2J,video bokep indo viral perverted scandal pregnant women Indonesia link live colmek new jilboob bokepviral,0.202020202020202,positif
86,86,"Kacauuuu, Malaysia maen nyaa baguss bangettt Ã°ÂÂÂ­Ã°ÂÂÂ­Ã°ÂÂÂ­Ã°ÂÂÂ­ inii Indonesia emng bener2 kudu bangun dehh, sekelas Kamboja, Filipina, Myanmar, aja skrng udh susah buat ditembus, bukti regenerasi + rotasi bnr2 dipake, nonton Singapura sedih bett inii baru aja goal eh kena counter Ã°ÂÂÂ­Ã°ÂÂÂÃ°ÂÂÂ»","it's a mess, Malaysia is playing really well, Indonesia really has to wake up, class Cambodia, Philippines, Myanmar, now it's hard to see through the proof of rotational regeneration, it's really used to watch Singapore, sad, bet this has just been a goal, it's been hit by a counter",-0.06111111111111111,negatif
87,87,bokep indo viral terbaru video indonesia colmek skandal bumil link jilbab mesum bahan coli bacol hijab memek basah https://t.co/xu4LvMjp9r,"indo viral new video, Indonesian video, colmek scandal, pregnant woman link, obscene hijab, bacol hijab material, wet pussy",0.12323232323232321,positif
88,88,"Naiki Sound System GBK Saat Laga Indonesia ver Thailand, Pelaku Dinilai Dinilai   https://t.co/hVE0vSUlck",improve the GBK sound system when the Indonesia Ver Thailand match sells out scores,0.4,positif
89,89,"Pasti tahulah, Tapi termakan omongannya sendiri, Malaikat saja bila Sudah masuk ke dalam sistem di Indonesia bisa berubah menjadi iblis, apalagi hanya seorang Yg bernama Mahfud MD. https://t.co/bo3nPMcACX","I'm sure you know, but eating your own words is an angel when it enters the system in Indonesia, it can turn you into a devil, especially only people named Mahfud MD",0.3666666666666667,positif
94,94,"Ini Beda Lagi Nih , Yg Lagi Viral ojol mesum sampe crot &gt;&gt;@TENTEBO5&lt;&lt; Bokep indo viral terbaru vcs video Indonesia Colmek skandal link ojol mesum bahan coli bacol hijab sange. #SANGE_AAAAAAAAAA #malamjumat #smaindonesia #fullsange  Link full video Ada di bio ygy. https://t.co/3xMxFSyB93","this is different again, the one that's viral ojol perverted until crot gt gt lt lt porn indo viral new vcs video indonesia colmek scandal link ojol perverted coli bacol material hijab sange aaaaaaaaaa full video link is in the bio ygy",0.1621212121212121,positif
95,95,"Keren bgt malaysia maennya, serem coy Indonesia bisa2 kalah kl ketemu Malay","how cool is Malaysia playing Rem Coy, Indonesia can lose if you meet Malay",0.35,positif
96,96,"Suka dengar pengulas indonesia ni, kalau masuk gol dia jerit gol tu lebih 10x haha","I like hearing this Indonesian commentary, if he scores a goal he screams the goal even more haha",0.35,positif
97,97,Indonesia bisa yuk masukin pilihan Google Pay atau Apple Pay. Jujur saya udah males bawa dompet kemana-mana. https://t.co/VxOPfbT2hM,"Indonesia, can you enter, choose Google Pay or Apple Pay, to be honest, I'm too lazy to carry my wallet everywhere",0.175,positif
98,98,Akhirnya nonton #AvatarTheWayOfWater.  Buat saya ini terasa menonton rilis video promosi pariwisata #wonderfulindonesia yg pamer segala sekuk beluk keindahan Indonesia dibumbui cerita keluarga Belanda yg membelot jadi pejuang Indonesia.,the end of watching for me is desperate to watch the release of a tourism promotion video that shows off all the beautiful ins and outs of Indonesia's spice story of a Dutch family who became a champion of Indonesia,0.125,positif
